"COUNTRY","INDICATOR","FREQUENCY","TIME_PERIOD","OBS_VALUE","SCALE"
"Ireland","Unemployment rate","Annual","1985","17.7","Units"
"Ireland","Unemployment rate","Annual","1986","18.1","Units"
"Ireland","Unemployment rate","Annual","1987","18.8","Units"
"Ireland","Unemployment rate","Annual","1988","18.4","Units"
"Ireland","Unemployment rate","Annual","1989","17.9","Units"
"Ireland","Unemployment rate","Annual","1990","17.2","Units"
"Ireland","Unemployment rate","Annual","1991","19","Units"
"Ireland","Unemployment rate","Annual","1992","16.3","Units"
"Ireland","Unemployment rate","Annual","1993","16.7","Units"
"Ireland","Unemployment rate","Annual","1994","15.1","Units"
"Ireland","Unemployment rate","Annual","1995","14.1","Units"
"Ireland","Unemployment rate","Annual","1996","11.8","Units"
"Ireland","Unemployment rate","Annual","1997","9.858","Units"
"Ireland","Unemployment rate","Annual","1998","7.55","Units"
"Ireland","Unemployment rate","Annual","1999","5.917","Units"
"Ireland","Unemployment rate","Annual","2000","4.383","Units"
"Ireland","Unemployment rate","Annual","2001","4.183","Units"
"Ireland","Unemployment rate","Annual","2002","4.733","Units"
"Ireland","Unemployment rate","Annual","2003","4.85","Units"
"Ireland","Unemployment rate","Annual","2004","4.75","Units"
"Ireland","Unemployment rate","Annual","2005","4.633","Units"
"Ireland","Unemployment rate","Annual","2006","4.767","Units"
"Ireland","Unemployment rate","Annual","2007","5.008","Units"
"Ireland","Unemployment rate","Annual","2008","6.8","Units"
"Ireland","Unemployment rate","Annual","2009","12.65","Units"
"Ireland","Unemployment rate","Annual","2010","14.608","Units"
"Ireland","Unemployment rate","Annual","2011","15.4","Units"
"Ireland","Unemployment rate","Annual","2012","15.492","Units"
"Ireland","Unemployment rate","Annual","2013","13.775","Units"
"Ireland","Unemployment rate","Annual","2014","11.892","Units"
"Ireland","Unemployment rate","Annual","2015","9.925","Units"
"Ireland","Unemployment rate","Annual","2016","8.375","Units"
"Ireland","Unemployment rate","Annual","2017","6.758","Units"
"Ireland","Unemployment rate","Annual","2018","5.808","Units"
"Ireland","Unemployment rate","Annual","2019","4.992","Units"
"Ireland","Unemployment rate","Annual","2020","5.842","Units"
"Ireland","Unemployment rate","Annual","2021","6.258","Units"
"Ireland","Unemployment rate","Annual","2022","4.467","Units"
"Ireland","Unemployment rate","Annual","2023","4.308","Units"
"Ireland","Unemployment rate","Annual","2024","4.3","Units"
"Ireland","Unemployment rate","Annual","2025","4.542","Units"
"Australia","Unemployment rate","Annual","1980","6.133","Units"
"Australia","Unemployment rate","Annual","1981","5.783","Units"
"Australia","Unemployment rate","Annual","1982","7.183","Units"
"Australia","Unemployment rate","Annual","1983","9.967","Units"
"Australia","Unemployment rate","Annual","1984","8.967","Units"
"Australia","Unemployment rate","Annual","1985","8.258","Units"
"Australia","Unemployment rate","Annual","1986","8.117","Units"
"Australia","Unemployment rate","Annual","1987","8.108","Units"
"Australia","Unemployment rate","Annual","1988","7.2","Units"
"Australia","Unemployment rate","Annual","1989","6.133","Units"
"Australia","Unemployment rate","Annual","1990","6.942","Units"
"Australia","Unemployment rate","Annual","1991","9.608","Units"
"Australia","Unemployment rate","Annual","1992","10.742","Units"
"Australia","Unemployment rate","Annual","1993","10.883","Units"
"Australia","Unemployment rate","Annual","1994","9.717","Units"
"Australia","Unemployment rate","Annual","1995","8.483","Units"
"Australia","Unemployment rate","Annual","1996","8.525","Units"
"Australia","Unemployment rate","Annual","1997","8.367","Units"
"Australia","Unemployment rate","Annual","1998","7.692","Units"
"Australia","Unemployment rate","Annual","1999","6.867","Units"
"Australia","Unemployment rate","Annual","2000","6.292","Units"
"Australia","Unemployment rate","Annual","2001","6.775","Units"
"Australia","Unemployment rate","Annual","2002","6.358","Units"
"Australia","Unemployment rate","Annual","2003","5.942","Units"
"Australia","Unemployment rate","Annual","2004","5.383","Units"
"Australia","Unemployment rate","Annual","2005","5.033","Units"
"Australia","Unemployment rate","Annual","2006","4.792","Units"
"Australia","Unemployment rate","Annual","2007","4.375","Units"
"Australia","Unemployment rate","Annual","2008","4.25","Units"
"Australia","Unemployment rate","Annual","2009","5.575","Units"
"Australia","Unemployment rate","Annual","2010","5.208","Units"
"Australia","Unemployment rate","Annual","2011","5.083","Units"
"Australia","Unemployment rate","Annual","2012","5.233","Units"
"Australia","Unemployment rate","Annual","2013","5.658","Units"
"Australia","Unemployment rate","Annual","2014","6.058","Units"
"Australia","Unemployment rate","Annual","2015","6.058","Units"
"Australia","Unemployment rate","Annual","2016","5.717","Units"
"Australia","Unemployment rate","Annual","2017","5.6","Units"
"Australia","Unemployment rate","Annual","2018","5.283","Units"
"Australia","Unemployment rate","Annual","2019","5.175","Units"
"Australia","Unemployment rate","Annual","2020","6.475","Units"
"Australia","Unemployment rate","Annual","2021","5.125","Units"
"Australia","Unemployment rate","Annual","2022","3.708","Units"
"Australia","Unemployment rate","Annual","2023","3.7","Units"
"Australia","Unemployment rate","Annual","2024","4.025","Units"
"Australia","Unemployment rate","Annual","2025","4.329","Units"
"Belgium","Unemployment rate","Annual","1980","8.3","Units"
"Belgium","Unemployment rate","Annual","1981","10","Units"
"Belgium","Unemployment rate","Annual","1982","11.5","Units"
"Belgium","Unemployment rate","Annual","1983","10.742","Units"
"Belgium","Unemployment rate","Annual","1984","10.825","Units"
"Belgium","Unemployment rate","Annual","1985","10.117","Units"
"Belgium","Unemployment rate","Annual","1986","10.05","Units"
"Belgium","Unemployment rate","Annual","1987","9.808","Units"
"Belgium","Unemployment rate","Annual","1988","8.833","Units"
"Belgium","Unemployment rate","Annual","1989","7.367","Units"
"Belgium","Unemployment rate","Annual","1990","6.558","Units"
"Belgium","Unemployment rate","Annual","1991","6.45","Units"
"Belgium","Unemployment rate","Annual","1992","7.092","Units"
"Belgium","Unemployment rate","Annual","1993","8.625","Units"
"Belgium","Unemployment rate","Annual","1994","9.75","Units"
"Belgium","Unemployment rate","Annual","1995","9.683","Units"
"Belgium","Unemployment rate","Annual","1996","9.55","Units"
"Belgium","Unemployment rate","Annual","1997","9.217","Units"
"Belgium","Unemployment rate","Annual","1998","9.342","Units"
"Belgium","Unemployment rate","Annual","1999","8.425","Units"
"Belgium","Unemployment rate","Annual","2000","6.858","Units"
"Belgium","Unemployment rate","Annual","2001","6.567","Units"
"Belgium","Unemployment rate","Annual","2002","7.525","Units"
"Belgium","Unemployment rate","Annual","2003","8.175","Units"
"Belgium","Unemployment rate","Annual","2004","8.383","Units"
"Belgium","Unemployment rate","Annual","2005","8.475","Units"
"Belgium","Unemployment rate","Annual","2006","8.267","Units"
"Belgium","Unemployment rate","Annual","2007","7.492","Units"
"Belgium","Unemployment rate","Annual","2008","6.967","Units"
"Belgium","Unemployment rate","Annual","2009","7.992","Units"
"Belgium","Unemployment rate","Annual","2010","8.383","Units"
"Belgium","Unemployment rate","Annual","2011","7.225","Units"
"Belgium","Unemployment rate","Annual","2012","7.642","Units"
"Belgium","Unemployment rate","Annual","2013","8.567","Units"
"Belgium","Unemployment rate","Annual","2014","8.667","Units"
"Belgium","Unemployment rate","Annual","2015","8.667","Units"
"Belgium","Unemployment rate","Annual","2016","7.842","Units"
"Belgium","Unemployment rate","Annual","2017","7.108","Units"
"Belgium","Unemployment rate","Annual","2018","5.983","Units"
"Belgium","Unemployment rate","Annual","2019","5.367","Units"
"Belgium","Unemployment rate","Annual","2020","5.567","Units"
"Belgium","Unemployment rate","Annual","2021","6.267","Units"
"Belgium","Unemployment rate","Annual","2022","5.55","Units"
"Belgium","Unemployment rate","Annual","2023","5.517","Units"
"Belgium","Unemployment rate","Annual","2024","5.7","Units"
"Belgium","Unemployment rate","Annual","2025","5.9","Units"
"Canada","Unemployment rate","Annual","1980","7.517","Units"
"Canada","Unemployment rate","Annual","1981","7.617","Units"
"Canada","Unemployment rate","Annual","1982","11.1","Units"
"Canada","Unemployment rate","Annual","1983","12","Units"
"Canada","Unemployment rate","Annual","1984","11.375","Units"
"Canada","Unemployment rate","Annual","1985","10.508","Units"
"Canada","Unemployment rate","Annual","1986","9.608","Units"
"Canada","Unemployment rate","Annual","1987","8.8","Units"
"Canada","Unemployment rate","Annual","1988","7.775","Units"
"Canada","Unemployment rate","Annual","1989","7.508","Units"
"Canada","Unemployment rate","Annual","1990","8.15","Units"
"Canada","Unemployment rate","Annual","1991","10.317","Units"
"Canada","Unemployment rate","Annual","1992","11.217","Units"
"Canada","Unemployment rate","Annual","1993","11.375","Units"
"Canada","Unemployment rate","Annual","1994","10.392","Units"
"Canada","Unemployment rate","Annual","1995","9.467","Units"
"Canada","Unemployment rate","Annual","1996","9.608","Units"
"Canada","Unemployment rate","Annual","1997","9.092","Units"
"Canada","Unemployment rate","Annual","1998","8.292","Units"
"Canada","Unemployment rate","Annual","1999","7.567","Units"
"Canada","Unemployment rate","Annual","2000","6.833","Units"
"Canada","Unemployment rate","Annual","2001","7.225","Units"
"Canada","Unemployment rate","Annual","2002","7.683","Units"
"Canada","Unemployment rate","Annual","2003","7.592","Units"
"Canada","Unemployment rate","Annual","2004","7.15","Units"
"Canada","Unemployment rate","Annual","2005","6.75","Units"
"Canada","Unemployment rate","Annual","2006","6.45","Units"
"Canada","Unemployment rate","Annual","2007","6.158","Units"
"Canada","Unemployment rate","Annual","2008","6.308","Units"
"Canada","Unemployment rate","Annual","2009","8.475","Units"
"Canada","Unemployment rate","Annual","2010","8.158","Units"
"Canada","Unemployment rate","Annual","2011","7.625","Units"
"Canada","Unemployment rate","Annual","2012","7.442","Units"
"Canada","Unemployment rate","Annual","2013","7.208","Units"
"Canada","Unemployment rate","Annual","2014","7.058","Units"
"Canada","Unemployment rate","Annual","2015","7","Units"
"Canada","Unemployment rate","Annual","2016","7.05","Units"
"Canada","Unemployment rate","Annual","2017","6.417","Units"
"Canada","Unemployment rate","Annual","2018","5.833","Units"
"Canada","Unemployment rate","Annual","2019","5.683","Units"
"Canada","Unemployment rate","Annual","2020","9.742","Units"
"Canada","Unemployment rate","Annual","2021","7.483","Units"
"Canada","Unemployment rate","Annual","2022","5.25","Units"
"Canada","Unemployment rate","Annual","2023","5.383","Units"
"Canada","Unemployment rate","Annual","2024","6.375","Units"
"Canada","Unemployment rate","Annual","2025","6.597","Units"
"Denmark","Unemployment rate","Annual","1980","5.177","Units"
"Denmark","Unemployment rate","Annual","1981","6.98","Units"
"Denmark","Unemployment rate","Annual","1982","7.466","Units"
"Denmark","Unemployment rate","Annual","1983","8.375","Units"
"Denmark","Unemployment rate","Annual","1984","7.925","Units"
"Denmark","Unemployment rate","Annual","1985","6.617","Units"
"Denmark","Unemployment rate","Annual","1986","4.983","Units"
"Denmark","Unemployment rate","Annual","1987","5","Units"
"Denmark","Unemployment rate","Annual","1988","5.658","Units"
"Denmark","Unemployment rate","Annual","1989","6.825","Units"
"Denmark","Unemployment rate","Annual","1990","7.167","Units"
"Denmark","Unemployment rate","Annual","1991","7.867","Units"
"Denmark","Unemployment rate","Annual","1992","8.608","Units"
"Denmark","Unemployment rate","Annual","1993","9.533","Units"
"Denmark","Unemployment rate","Annual","1994","7.733","Units"
"Denmark","Unemployment rate","Annual","1995","6.758","Units"
"Denmark","Unemployment rate","Annual","1996","6.317","Units"
"Denmark","Unemployment rate","Annual","1997","5.242","Units"
"Denmark","Unemployment rate","Annual","1998","4.883","Units"
"Denmark","Unemployment rate","Annual","1999","5.108","Units"
"Denmark","Unemployment rate","Annual","2000","4.317","Units"
"Denmark","Unemployment rate","Annual","2001","4.508","Units"
"Denmark","Unemployment rate","Annual","2002","4.642","Units"
"Denmark","Unemployment rate","Annual","2003","5.433","Units"
"Denmark","Unemployment rate","Annual","2004","5.517","Units"
"Denmark","Unemployment rate","Annual","2005","4.8","Units"
"Denmark","Unemployment rate","Annual","2006","3.9","Units"
"Denmark","Unemployment rate","Annual","2007","3.617","Units"
"Denmark","Unemployment rate","Annual","2008","2.65","Units"
"Denmark","Unemployment rate","Annual","2009","4.833","Units"
"Denmark","Unemployment rate","Annual","2010","6.058","Units"
"Denmark","Unemployment rate","Annual","2011","5.95","Units"
"Denmark","Unemployment rate","Annual","2012","6.075","Units"
"Denmark","Unemployment rate","Annual","2013","5.758","Units"
"Denmark","Unemployment rate","Annual","2014","4.992","Units"
"Denmark","Unemployment rate","Annual","2015","4.542","Units"
"Denmark","Unemployment rate","Annual","2016","4.125","Units"
"Denmark","Unemployment rate","Annual","2017","4.2","Units"
"Denmark","Unemployment rate","Annual","2018","3.85","Units"
"Denmark","Unemployment rate","Annual","2019","3.658","Units"
"Denmark","Unemployment rate","Annual","2020","4.658","Units"
"Denmark","Unemployment rate","Annual","2021","3.608","Units"
"Denmark","Unemployment rate","Annual","2022","2.517","Units"
"Denmark","Unemployment rate","Annual","2023","2.767","Units"
"Denmark","Unemployment rate","Annual","2024","2.9","Units"
"Denmark","Unemployment rate","Annual","2025","2.97","Units"
"Finland","Unemployment rate","Annual","1980","5.288","Units"
"Finland","Unemployment rate","Annual","1981","5.743","Units"
"Finland","Unemployment rate","Annual","1982","6.076","Units"
"Finland","Unemployment rate","Annual","1983","6.147","Units"
"Finland","Unemployment rate","Annual","1984","5.928","Units"
"Finland","Unemployment rate","Annual","1985","6.049","Units"
"Finland","Unemployment rate","Annual","1986","6.665","Units"
"Finland","Unemployment rate","Annual","1987","4.9","Units"
"Finland","Unemployment rate","Annual","1988","4.208","Units"
"Finland","Unemployment rate","Annual","1989","3.108","Units"
"Finland","Unemployment rate","Annual","1990","3.2","Units"
"Finland","Unemployment rate","Annual","1991","6.7","Units"
"Finland","Unemployment rate","Annual","1992","11.8","Units"
"Finland","Unemployment rate","Annual","1993","16.5","Units"
"Finland","Unemployment rate","Annual","1994","16.7","Units"
"Finland","Unemployment rate","Annual","1995","15.5","Units"
"Finland","Unemployment rate","Annual","1996","14.6","Units"
"Finland","Unemployment rate","Annual","1997","12.7","Units"
"Finland","Unemployment rate","Annual","1998","11.5","Units"
"Finland","Unemployment rate","Annual","1999","10.275","Units"
"Finland","Unemployment rate","Annual","2000","9.875","Units"
"Finland","Unemployment rate","Annual","2001","9.2","Units"
"Finland","Unemployment rate","Annual","2002","9.175","Units"
"Finland","Unemployment rate","Annual","2003","9.075","Units"
"Finland","Unemployment rate","Annual","2004","8.875","Units"
"Finland","Unemployment rate","Annual","2005","8.475","Units"
"Finland","Unemployment rate","Annual","2006","7.775","Units"
"Finland","Unemployment rate","Annual","2007","6.95","Units"
"Finland","Unemployment rate","Annual","2008","6.425","Units"
"Finland","Unemployment rate","Annual","2009","8.325","Units"
"Finland","Unemployment rate","Annual","2010","8.5","Units"
"Finland","Unemployment rate","Annual","2011","7.9","Units"
"Finland","Unemployment rate","Annual","2012","7.8","Units"
"Finland","Unemployment rate","Annual","2013","8.325","Units"
"Finland","Unemployment rate","Annual","2014","8.825","Units"
"Finland","Unemployment rate","Annual","2015","9.575","Units"
"Finland","Unemployment rate","Annual","2016","8.975","Units"
"Finland","Unemployment rate","Annual","2017","8.825","Units"
"Finland","Unemployment rate","Annual","2018","7.417","Units"
"Finland","Unemployment rate","Annual","2019","6.725","Units"
"Finland","Unemployment rate","Annual","2020","7.767","Units"
"Finland","Unemployment rate","Annual","2021","7.617","Units"
"Finland","Unemployment rate","Annual","2022","6.783","Units"
"Finland","Unemployment rate","Annual","2023","7.208","Units"
"Finland","Unemployment rate","Annual","2024","8.4","Units"
"Finland","Unemployment rate","Annual","2025","8.125","Units"
"France","Unemployment rate","Annual","1980","6.349","Units"
"France","Unemployment rate","Annual","1981","7.438","Units"
"France","Unemployment rate","Annual","1982","8.069","Units"
"France","Unemployment rate","Annual","1983","7.383","Units"
"France","Unemployment rate","Annual","1984","8.458","Units"
"France","Unemployment rate","Annual","1985","8.7","Units"
"France","Unemployment rate","Annual","1986","8.875","Units"
"France","Unemployment rate","Annual","1987","9.15","Units"
"France","Unemployment rate","Annual","1988","8.842","Units"
"France","Unemployment rate","Annual","1989","8.7","Units"
"France","Unemployment rate","Annual","1990","8.4","Units"
"France","Unemployment rate","Annual","1991","8.617","Units"
"France","Unemployment rate","Annual","1992","9.442","Units"
"France","Unemployment rate","Annual","1993","10.267","Units"
"France","Unemployment rate","Annual","1994","10.667","Units"
"France","Unemployment rate","Annual","1995","10.508","Units"
"France","Unemployment rate","Annual","1996","10.833","Units"
"France","Unemployment rate","Annual","1997","10.892","Units"
"France","Unemployment rate","Annual","1998","10.692","Units"
"France","Unemployment rate","Annual","1999","10.442","Units"
"France","Unemployment rate","Annual","2000","9.175","Units"
"France","Unemployment rate","Annual","2001","8.458","Units"
"France","Unemployment rate","Annual","2002","8.275","Units"
"France","Unemployment rate","Annual","2003","8.525","Units"
"France","Unemployment rate","Annual","2004","8.867","Units"
"France","Unemployment rate","Annual","2005","8.875","Units"
"France","Unemployment rate","Annual","2006","8.842","Units"
"France","Unemployment rate","Annual","2007","8.017","Units"
"France","Unemployment rate","Annual","2008","7.433","Units"
"France","Unemployment rate","Annual","2009","9.125","Units"
"France","Unemployment rate","Annual","2010","9.267","Units"
"France","Unemployment rate","Annual","2011","9.208","Units"
"France","Unemployment rate","Annual","2012","9.767","Units"
"France","Unemployment rate","Annual","2013","10.308","Units"
"France","Unemployment rate","Annual","2014","10.267","Units"
"France","Unemployment rate","Annual","2015","10.342","Units"
"France","Unemployment rate","Annual","2016","10.067","Units"
"France","Unemployment rate","Annual","2017","9.408","Units"
"France","Unemployment rate","Annual","2018","9.025","Units"
"France","Unemployment rate","Annual","2019","8.425","Units"
"France","Unemployment rate","Annual","2020","8.025","Units"
"France","Unemployment rate","Annual","2021","7.867","Units"
"France","Unemployment rate","Annual","2022","7.308","Units"
"France","Unemployment rate","Annual","2023","7.342","Units"
"France","Unemployment rate","Annual","2024","7.383","Units"
"France","Unemployment rate","Annual","2025","7.7","Units"
"Germany","Unemployment rate","Annual","1980","3.359","Units"
"Germany","Unemployment rate","Annual","1981","4.831","Units"
"Germany","Unemployment rate","Annual","1982","6.734","Units"
"Germany","Unemployment rate","Annual","1983","8.099","Units"
"Germany","Unemployment rate","Annual","1984","8.058","Units"
"Germany","Unemployment rate","Annual","1985","8.124","Units"
"Germany","Unemployment rate","Annual","1986","7.834","Units"
"Germany","Unemployment rate","Annual","1987","7.843","Units"
"Germany","Unemployment rate","Annual","1988","7.735","Units"
"Germany","Unemployment rate","Annual","1989","6.79","Units"
"Germany","Unemployment rate","Annual","1990","6.155","Units"
"Germany","Unemployment rate","Annual","1991","5.47","Units"
"Germany","Unemployment rate","Annual","1992","6.592","Units"
"Germany","Unemployment rate","Annual","1993","7.775","Units"
"Germany","Unemployment rate","Annual","1994","8.425","Units"
"Germany","Unemployment rate","Annual","1995","8.233","Units"
"Germany","Unemployment rate","Annual","1996","8.908","Units"
"Germany","Unemployment rate","Annual","1997","9.658","Units"
"Germany","Unemployment rate","Annual","1998","9.383","Units"
"Germany","Unemployment rate","Annual","1999","8.558","Units"
"Germany","Unemployment rate","Annual","2000","7.95","Units"
"Germany","Unemployment rate","Annual","2001","7.8","Units"
"Germany","Unemployment rate","Annual","2002","8.6","Units"
"Germany","Unemployment rate","Annual","2003","9.708","Units"
"Germany","Unemployment rate","Annual","2004","10.333","Units"
"Germany","Unemployment rate","Annual","2005","11.008","Units"
"Germany","Unemployment rate","Annual","2006","10.042","Units"
"Germany","Unemployment rate","Annual","2007","8.542","Units"
"Germany","Unemployment rate","Annual","2008","7.425","Units"
"Germany","Unemployment rate","Annual","2009","7.225","Units"
"Germany","Unemployment rate","Annual","2010","6.575","Units"
"Germany","Unemployment rate","Annual","2011","5.517","Units"
"Germany","Unemployment rate","Annual","2012","5.083","Units"
"Germany","Unemployment rate","Annual","2013","4.95","Units"
"Germany","Unemployment rate","Annual","2014","4.708","Units"
"Germany","Unemployment rate","Annual","2015","4.367","Units"
"Germany","Unemployment rate","Annual","2016","3.908","Units"
"Germany","Unemployment rate","Annual","2017","3.567","Units"
"Germany","Unemployment rate","Annual","2018","3.208","Units"
"Germany","Unemployment rate","Annual","2019","2.975","Units"
"Germany","Unemployment rate","Annual","2020","3.625","Units"
"Germany","Unemployment rate","Annual","2021","3.575","Units"
"Germany","Unemployment rate","Annual","2022","3.067","Units"
"Germany","Unemployment rate","Annual","2023","3.025","Units"
"Germany","Unemployment rate","Annual","2024","3.408","Units"
"Germany","Unemployment rate","Annual","2025","3.468","Units"
"Greece","Unemployment rate","Annual","1980","2.663","Units"
"Greece","Unemployment rate","Annual","1981","4","Units"
"Greece","Unemployment rate","Annual","1982","5.8","Units"
"Greece","Unemployment rate","Annual","1983","7.9","Units"
"Greece","Unemployment rate","Annual","1984","8.1","Units"
"Greece","Unemployment rate","Annual","1985","7.8","Units"
"Greece","Unemployment rate","Annual","1986","7.4","Units"
"Greece","Unemployment rate","Annual","1987","7.4","Units"
"Greece","Unemployment rate","Annual","1988","7.7","Units"
"Greece","Unemployment rate","Annual","1989","7.5","Units"
"Greece","Unemployment rate","Annual","1990","7","Units"
"Greece","Unemployment rate","Annual","1991","7.7","Units"
"Greece","Unemployment rate","Annual","1992","8.7","Units"
"Greece","Unemployment rate","Annual","1993","9.7","Units"
"Greece","Unemployment rate","Annual","1994","9.6","Units"
"Greece","Unemployment rate","Annual","1995","10","Units"
"Greece","Unemployment rate","Annual","1996","10.3","Units"
"Greece","Unemployment rate","Annual","1997","10.3","Units"
"Greece","Unemployment rate","Annual","1998","11.2","Units"
"Greece","Unemployment rate","Annual","1999","12.125","Units"
"Greece","Unemployment rate","Annual","2000","11.35","Units"
"Greece","Unemployment rate","Annual","2001","10.775","Units"
"Greece","Unemployment rate","Annual","2002","10.35","Units"
"Greece","Unemployment rate","Annual","2003","9.775","Units"
"Greece","Unemployment rate","Annual","2004","10.6","Units"
"Greece","Unemployment rate","Annual","2005","10","Units"
"Greece","Unemployment rate","Annual","2006","9","Units"
"Greece","Unemployment rate","Annual","2007","8.4","Units"
"Greece","Unemployment rate","Annual","2008","7.75","Units"
"Greece","Unemployment rate","Annual","2009","9.6","Units"
"Greece","Unemployment rate","Annual","2010","12.725","Units"
"Greece","Unemployment rate","Annual","2011","17.85","Units"
"Greece","Unemployment rate","Annual","2012","24.425","Units"
"Greece","Unemployment rate","Annual","2013","27.475","Units"
"Greece","Unemployment rate","Annual","2014","26.5","Units"
"Greece","Unemployment rate","Annual","2015","24.9","Units"
"Greece","Unemployment rate","Annual","2016","23.55","Units"
"Greece","Unemployment rate","Annual","2017","21.45","Units"
"Greece","Unemployment rate","Annual","2018","19.3","Units"
"Greece","Unemployment rate","Annual","2019","17.325","Units"
"Greece","Unemployment rate","Annual","2020","16.325","Units"
"Greece","Unemployment rate","Annual","2021","14.775","Units"
"Greece","Unemployment rate","Annual","2022","12.425","Units"
"Greece","Unemployment rate","Annual","2023","11.075","Units"
"Greece","Unemployment rate","Annual","2024","10.1","Units"
"Greece","Unemployment rate","Annual","2025","9.404","Units"
"Italy","Unemployment rate","Annual","1980","7.37","Units"
"Italy","Unemployment rate","Annual","1981","7.649","Units"
"Italy","Unemployment rate","Annual","1982","8.288","Units"
"Italy","Unemployment rate","Annual","1983","7.367","Units"
"Italy","Unemployment rate","Annual","1984","7.833","Units"
"Italy","Unemployment rate","Annual","1985","8.167","Units"
"Italy","Unemployment rate","Annual","1986","8.867","Units"
"Italy","Unemployment rate","Annual","1987","9.617","Units"
"Italy","Unemployment rate","Annual","1988","9.683","Units"
"Italy","Unemployment rate","Annual","1989","9.667","Units"
"Italy","Unemployment rate","Annual","1990","8.858","Units"
"Italy","Unemployment rate","Annual","1991","8.533","Units"
"Italy","Unemployment rate","Annual","1992","8.808","Units"
"Italy","Unemployment rate","Annual","1993","9.833","Units"
"Italy","Unemployment rate","Annual","1994","10.633","Units"
"Italy","Unemployment rate","Annual","1995","11.15","Units"
"Italy","Unemployment rate","Annual","1996","11.15","Units"
"Italy","Unemployment rate","Annual","1997","11.242","Units"
"Italy","Unemployment rate","Annual","1998","11.333","Units"
"Italy","Unemployment rate","Annual","1999","10.942","Units"
"Italy","Unemployment rate","Annual","2000","10.1","Units"
"Italy","Unemployment rate","Annual","2001","9.1","Units"
"Italy","Unemployment rate","Annual","2002","8.608","Units"
"Italy","Unemployment rate","Annual","2003","8.45","Units"
"Italy","Unemployment rate","Annual","2004","8.017","Units"
"Italy","Unemployment rate","Annual","2005","7.758","Units"
"Italy","Unemployment rate","Annual","2006","6.867","Units"
"Italy","Unemployment rate","Annual","2007","6.2","Units"
"Italy","Unemployment rate","Annual","2008","6.792","Units"
"Italy","Unemployment rate","Annual","2009","7.875","Units"
"Italy","Unemployment rate","Annual","2010","8.508","Units"
"Italy","Unemployment rate","Annual","2011","8.575","Units"
"Italy","Unemployment rate","Annual","2012","10.892","Units"
"Italy","Unemployment rate","Annual","2013","12.367","Units"
"Italy","Unemployment rate","Annual","2014","12.783","Units"
"Italy","Unemployment rate","Annual","2015","12.017","Units"
"Italy","Unemployment rate","Annual","2016","11.717","Units"
"Italy","Unemployment rate","Annual","2017","11.3","Units"
"Italy","Unemployment rate","Annual","2018","10.6","Units"
"Italy","Unemployment rate","Annual","2019","9.908","Units"
"Italy","Unemployment rate","Annual","2020","9.358","Units"
"Italy","Unemployment rate","Annual","2021","9.508","Units"
"Italy","Unemployment rate","Annual","2022","8.125","Units"
"Italy","Unemployment rate","Annual","2023","7.683","Units"
"Italy","Unemployment rate","Annual","2024","6.558","Units"
"Italy","Unemployment rate","Annual","2025","6.654","Units"
"Japan","Unemployment rate","Annual","1980","2.017","Units"
"Japan","Unemployment rate","Annual","1981","2.208","Units"
"Japan","Unemployment rate","Annual","1982","2.35","Units"
"Japan","Unemployment rate","Annual","1983","2.658","Units"
"Japan","Unemployment rate","Annual","1984","2.708","Units"
"Japan","Unemployment rate","Annual","1985","2.625","Units"
"Japan","Unemployment rate","Annual","1986","2.767","Units"
"Japan","Unemployment rate","Annual","1987","2.85","Units"
"Japan","Unemployment rate","Annual","1988","2.517","Units"
"Japan","Unemployment rate","Annual","1989","2.25","Units"
"Japan","Unemployment rate","Annual","1990","2.1","Units"
"Japan","Unemployment rate","Annual","1991","2.092","Units"
"Japan","Unemployment rate","Annual","1992","2.15","Units"
"Japan","Unemployment rate","Annual","1993","2.5","Units"
"Japan","Unemployment rate","Annual","1994","2.892","Units"
"Japan","Unemployment rate","Annual","1995","3.15","Units"
"Japan","Unemployment rate","Annual","1996","3.367","Units"
"Japan","Unemployment rate","Annual","1997","3.4","Units"
"Japan","Unemployment rate","Annual","1998","4.1","Units"
"Japan","Unemployment rate","Annual","1999","4.667","Units"
"Japan","Unemployment rate","Annual","2000","4.733","Units"
"Japan","Unemployment rate","Annual","2001","5.042","Units"
"Japan","Unemployment rate","Annual","2002","5.358","Units"
"Japan","Unemployment rate","Annual","2003","5.242","Units"
"Japan","Unemployment rate","Annual","2004","4.733","Units"
"Japan","Unemployment rate","Annual","2005","4.425","Units"
"Japan","Unemployment rate","Annual","2006","4.117","Units"
"Japan","Unemployment rate","Annual","2007","3.833","Units"
"Japan","Unemployment rate","Annual","2008","3.983","Units"
"Japan","Unemployment rate","Annual","2009","5.075","Units"
"Japan","Unemployment rate","Annual","2010","5.058","Units"
"Japan","Unemployment rate","Annual","2011","4.583","Units"
"Japan","Unemployment rate","Annual","2012","4.325","Units"
"Japan","Unemployment rate","Annual","2013","4.008","Units"
"Japan","Unemployment rate","Annual","2014","3.583","Units"
"Japan","Unemployment rate","Annual","2015","3.375","Units"
"Japan","Unemployment rate","Annual","2016","3.108","Units"
"Japan","Unemployment rate","Annual","2017","2.817","Units"
"Japan","Unemployment rate","Annual","2018","2.433","Units"
"Japan","Unemployment rate","Annual","2019","2.358","Units"
"Japan","Unemployment rate","Annual","2020","2.8","Units"
"Japan","Unemployment rate","Annual","2021","2.817","Units"
"Japan","Unemployment rate","Annual","2022","2.592","Units"
"Japan","Unemployment rate","Annual","2023","2.575","Units"
"Japan","Unemployment rate","Annual","2024","2.567","Units"
"Japan","Unemployment rate","Annual","2025","2.567","Units"
"Korea, Republic of","Unemployment rate","Annual","1980","5.2","Units"
"Korea, Republic of","Unemployment rate","Annual","1981","4.5","Units"
"Korea, Republic of","Unemployment rate","Annual","1982","4.13","Units"
"Korea, Republic of","Unemployment rate","Annual","1983","4.117","Units"
"Korea, Republic of","Unemployment rate","Annual","1984","3.85","Units"
"Korea, Republic of","Unemployment rate","Annual","1985","4.025","Units"
"Korea, Republic of","Unemployment rate","Annual","1986","3.842","Units"
"Korea, Republic of","Unemployment rate","Annual","1987","3.108","Units"
"Korea, Republic of","Unemployment rate","Annual","1988","2.525","Units"
"Korea, Republic of","Unemployment rate","Annual","1989","2.583","Units"
"Korea, Republic of","Unemployment rate","Annual","1990","2.458","Units"
"Korea, Republic of","Unemployment rate","Annual","1991","2.45","Units"
"Korea, Republic of","Unemployment rate","Annual","1992","2.525","Units"
"Korea, Republic of","Unemployment rate","Annual","1993","2.9","Units"
"Korea, Republic of","Unemployment rate","Annual","1994","2.475","Units"
"Korea, Republic of","Unemployment rate","Annual","1995","2.067","Units"
"Korea, Republic of","Unemployment rate","Annual","1996","2.058","Units"
"Korea, Republic of","Unemployment rate","Annual","1997","2.617","Units"
"Korea, Republic of","Unemployment rate","Annual","1998","6.95","Units"
"Korea, Republic of","Unemployment rate","Annual","1999","6.583","Units"
"Korea, Republic of","Unemployment rate","Annual","2000","4.425","Units"
"Korea, Republic of","Unemployment rate","Annual","2001","4","Units"
"Korea, Republic of","Unemployment rate","Annual","2002","3.258","Units"
"Korea, Republic of","Unemployment rate","Annual","2003","3.55","Units"
"Korea, Republic of","Unemployment rate","Annual","2004","3.658","Units"
"Korea, Republic of","Unemployment rate","Annual","2005","3.75","Units"
"Korea, Republic of","Unemployment rate","Annual","2006","3.475","Units"
"Korea, Republic of","Unemployment rate","Annual","2007","3.258","Units"
"Korea, Republic of","Unemployment rate","Annual","2008","3.175","Units"
"Korea, Republic of","Unemployment rate","Annual","2009","3.633","Units"
"Korea, Republic of","Unemployment rate","Annual","2010","3.708","Units"
"Korea, Republic of","Unemployment rate","Annual","2011","3.408","Units"
"Korea, Republic of","Unemployment rate","Annual","2012","3.225","Units"
"Korea, Republic of","Unemployment rate","Annual","2013","3.1","Units"
"Korea, Republic of","Unemployment rate","Annual","2014","3.492","Units"
"Korea, Republic of","Unemployment rate","Annual","2015","3.592","Units"
"Korea, Republic of","Unemployment rate","Annual","2016","3.675","Units"
"Korea, Republic of","Unemployment rate","Annual","2017","3.683","Units"
"Korea, Republic of","Unemployment rate","Annual","2018","3.833","Units"
"Korea, Republic of","Unemployment rate","Annual","2019","3.783","Units"
"Korea, Republic of","Unemployment rate","Annual","2020","3.955","Units"
"Korea, Republic of","Unemployment rate","Annual","2021","3.675","Units"
"Korea, Republic of","Unemployment rate","Annual","2022","2.883","Units"
"Korea, Republic of","Unemployment rate","Annual","2023","2.708","Units"
"Korea, Republic of","Unemployment rate","Annual","2024","2.8","Units"
"Korea, Republic of","Unemployment rate","Annual","2025","3","Units"
"New Zealand","Unemployment rate","Annual","1980","4.019","Units"
"New Zealand","Unemployment rate","Annual","1981","3.911","Units"
"New Zealand","Unemployment rate","Annual","1982","4.358","Units"
"New Zealand","Unemployment rate","Annual","1983","6.241","Units"
"New Zealand","Unemployment rate","Annual","1984","7.186","Units"
"New Zealand","Unemployment rate","Annual","1985","3.922","Units"
"New Zealand","Unemployment rate","Annual","1986","4.2","Units"
"New Zealand","Unemployment rate","Annual","1987","4.225","Units"
"New Zealand","Unemployment rate","Annual","1988","5.8","Units"
"New Zealand","Unemployment rate","Annual","1989","7.325","Units"
"New Zealand","Unemployment rate","Annual","1990","7.975","Units"
"New Zealand","Unemployment rate","Annual","1991","10.625","Units"
"New Zealand","Unemployment rate","Annual","1992","10.675","Units"
"New Zealand","Unemployment rate","Annual","1993","9.8","Units"
"New Zealand","Unemployment rate","Annual","1994","8.35","Units"
"New Zealand","Unemployment rate","Annual","1995","6.45","Units"
"New Zealand","Unemployment rate","Annual","1996","6.325","Units"
"New Zealand","Unemployment rate","Annual","1997","6.875","Units"
"New Zealand","Unemployment rate","Annual","1998","7.725","Units"
"New Zealand","Unemployment rate","Annual","1999","7.05","Units"
"New Zealand","Unemployment rate","Annual","2000","6.15","Units"
"New Zealand","Unemployment rate","Annual","2001","5.475","Units"
"New Zealand","Unemployment rate","Annual","2002","5.3","Units"
"New Zealand","Unemployment rate","Annual","2003","4.75","Units"
"New Zealand","Unemployment rate","Annual","2004","4.025","Units"
"New Zealand","Unemployment rate","Annual","2005","3.8","Units"
"New Zealand","Unemployment rate","Annual","2006","3.875","Units"
"New Zealand","Unemployment rate","Annual","2007","3.625","Units"
"New Zealand","Unemployment rate","Annual","2008","4.025","Units"
"New Zealand","Unemployment rate","Annual","2009","5.9","Units"
"New Zealand","Unemployment rate","Annual","2010","6.2","Units"
"New Zealand","Unemployment rate","Annual","2011","6.05","Units"
"New Zealand","Unemployment rate","Annual","2012","6.45","Units"
"New Zealand","Unemployment rate","Annual","2013","5.825","Units"
"New Zealand","Unemployment rate","Annual","2014","5.425","Units"
"New Zealand","Unemployment rate","Annual","2015","5.425","Units"
"New Zealand","Unemployment rate","Annual","2016","5.175","Units"
"New Zealand","Unemployment rate","Annual","2017","4.75","Units"
"New Zealand","Unemployment rate","Annual","2018","4.325","Units"
"New Zealand","Unemployment rate","Annual","2019","4.1","Units"
"New Zealand","Unemployment rate","Annual","2020","4.6","Units"
"New Zealand","Unemployment rate","Annual","2021","3.775","Units"
"New Zealand","Unemployment rate","Annual","2022","3.3","Units"
"New Zealand","Unemployment rate","Annual","2023","3.725","Units"
"New Zealand","Unemployment rate","Annual","2024","4.725","Units"
"New Zealand","Unemployment rate","Annual","2025","5.337","Units"
"Netherlands, The","Unemployment rate","Annual","1980","3.354","Units"
"Netherlands, The","Unemployment rate","Annual","1981","4.583","Units"
"Netherlands, The","Unemployment rate","Annual","1982","6.525","Units"
"Netherlands, The","Unemployment rate","Annual","1983","8.254","Units"
"Netherlands, The","Unemployment rate","Annual","1984","8.09","Units"
"Netherlands, The","Unemployment rate","Annual","1985","7.327","Units"
"Netherlands, The","Unemployment rate","Annual","1986","6.52","Units"
"Netherlands, The","Unemployment rate","Annual","1987","6.337","Units"
"Netherlands, The","Unemployment rate","Annual","1988","6.247","Units"
"Netherlands, The","Unemployment rate","Annual","1989","5.674","Units"
"Netherlands, The","Unemployment rate","Annual","1990","5.112","Units"
"Netherlands, The","Unemployment rate","Annual","1991","4.799","Units"
"Netherlands, The","Unemployment rate","Annual","1992","4.865","Units"
"Netherlands, The","Unemployment rate","Annual","1993","5.53","Units"
"Netherlands, The","Unemployment rate","Annual","1994","6.193","Units"
"Netherlands, The","Unemployment rate","Annual","1995","7.733","Units"
"Netherlands, The","Unemployment rate","Annual","1996","7.099","Units"
"Netherlands, The","Unemployment rate","Annual","1997","6.101","Units"
"Netherlands, The","Unemployment rate","Annual","1998","4.93","Units"
"Netherlands, The","Unemployment rate","Annual","1999","4.139","Units"
"Netherlands, The","Unemployment rate","Annual","2000","3.66","Units"
"Netherlands, The","Unemployment rate","Annual","2001","3.137","Units"
"Netherlands, The","Unemployment rate","Annual","2002","3.665","Units"
"Netherlands, The","Unemployment rate","Annual","2003","5.921","Units"
"Netherlands, The","Unemployment rate","Annual","2004","6.773","Units"
"Netherlands, The","Unemployment rate","Annual","2005","6.961","Units"
"Netherlands, The","Unemployment rate","Annual","2006","6.079","Units"
"Netherlands, The","Unemployment rate","Annual","2007","5.295","Units"
"Netherlands, The","Unemployment rate","Annual","2008","4.77","Units"
"Netherlands, The","Unemployment rate","Annual","2009","5.422","Units"
"Netherlands, The","Unemployment rate","Annual","2010","6.082","Units"
"Netherlands, The","Unemployment rate","Annual","2011","6.05","Units"
"Netherlands, The","Unemployment rate","Annual","2012","6.823","Units"
"Netherlands, The","Unemployment rate","Annual","2013","8.204","Units"
"Netherlands, The","Unemployment rate","Annual","2014","8.338","Units"
"Netherlands, The","Unemployment rate","Annual","2015","7.887","Units"
"Netherlands, The","Unemployment rate","Annual","2016","7.005","Units"
"Netherlands, The","Unemployment rate","Annual","2017","5.873","Units"
"Netherlands, The","Unemployment rate","Annual","2018","4.881","Units"
"Netherlands, The","Unemployment rate","Annual","2019","4.436","Units"
"Netherlands, The","Unemployment rate","Annual","2020","4.851","Units"
"Netherlands, The","Unemployment rate","Annual","2021","4.226","Units"
"Netherlands, The","Unemployment rate","Annual","2022","3.537","Units"
"Netherlands, The","Unemployment rate","Annual","2023","3.553","Units"
"Netherlands, The","Unemployment rate","Annual","2024","3.659","Units"
"Netherlands, The","Unemployment rate","Annual","2025","3.839","Units"
"Norway","Unemployment rate","Annual","1980","1.65","Units"
"Norway","Unemployment rate","Annual","1981","2.001","Units"
"Norway","Unemployment rate","Annual","1982","2.606","Units"
"Norway","Unemployment rate","Annual","1983","3.426","Units"
"Norway","Unemployment rate","Annual","1984","3.147","Units"
"Norway","Unemployment rate","Annual","1985","2.588","Units"
"Norway","Unemployment rate","Annual","1986","1.962","Units"
"Norway","Unemployment rate","Annual","1987","2.084","Units"
"Norway","Unemployment rate","Annual","1988","3.149","Units"
"Norway","Unemployment rate","Annual","1989","4.908","Units"
"Norway","Unemployment rate","Annual","1990","5.229","Units"
"Norway","Unemployment rate","Annual","1991","5.469","Units"
"Norway","Unemployment rate","Annual","1992","5.915","Units"
"Norway","Unemployment rate","Annual","1993","5.948","Units"
"Norway","Unemployment rate","Annual","1994","5.393","Units"
"Norway","Unemployment rate","Annual","1995","4.906","Units"
"Norway","Unemployment rate","Annual","1996","4.833","Units"
"Norway","Unemployment rate","Annual","1997","4.034","Units"
"Norway","Unemployment rate","Annual","1998","3.186","Units"
"Norway","Unemployment rate","Annual","1999","3.172","Units"
"Norway","Unemployment rate","Annual","2000","3.426","Units"
"Norway","Unemployment rate","Annual","2001","3.546","Units"
"Norway","Unemployment rate","Annual","2002","3.889","Units"
"Norway","Unemployment rate","Annual","2003","4.494","Units"
"Norway","Unemployment rate","Annual","2004","4.471","Units"
"Norway","Unemployment rate","Annual","2005","4.616","Units"
"Norway","Unemployment rate","Annual","2006","3.444","Units"
"Norway","Unemployment rate","Annual","2007","2.539","Units"
"Norway","Unemployment rate","Annual","2008","2.747","Units"
"Norway","Unemployment rate","Annual","2009","3.266","Units"
"Norway","Unemployment rate","Annual","2010","3.794","Units"
"Norway","Unemployment rate","Annual","2011","3.364","Units"
"Norway","Unemployment rate","Annual","2012","3.294","Units"
"Norway","Unemployment rate","Annual","2013","3.773","Units"
"Norway","Unemployment rate","Annual","2014","3.617","Units"
"Norway","Unemployment rate","Annual","2015","4.531","Units"
"Norway","Unemployment rate","Annual","2016","4.74","Units"
"Norway","Unemployment rate","Annual","2017","4.216","Units"
"Norway","Unemployment rate","Annual","2018","3.854","Units"
"Norway","Unemployment rate","Annual","2019","3.728","Units"
"Norway","Unemployment rate","Annual","2020","4.595","Units"
"Norway","Unemployment rate","Annual","2021","4.41","Units"
"Norway","Unemployment rate","Annual","2022","3.252","Units"
"Norway","Unemployment rate","Annual","2023","3.595","Units"
"Norway","Unemployment rate","Annual","2024","4.013","Units"
"Norway","Unemployment rate","Annual","2025","3.924","Units"
"Portugal","Unemployment rate","Annual","1980","7.824","Units"
"Portugal","Unemployment rate","Annual","1981","8.29","Units"
"Portugal","Unemployment rate","Annual","1982","7.457","Units"
"Portugal","Unemployment rate","Annual","1983","7.945","Units"
"Portugal","Unemployment rate","Annual","1984","10.503","Units"
"Portugal","Unemployment rate","Annual","1985","8.674","Units"
"Portugal","Unemployment rate","Annual","1986","8.603","Units"
"Portugal","Unemployment rate","Annual","1987","7.126","Units"
"Portugal","Unemployment rate","Annual","1988","7.069","Units"
"Portugal","Unemployment rate","Annual","1989","5.059","Units"
"Portugal","Unemployment rate","Annual","1990","4.225","Units"
"Portugal","Unemployment rate","Annual","1991","4.138","Units"
"Portugal","Unemployment rate","Annual","1992","3.86","Units"
"Portugal","Unemployment rate","Annual","1993","5.127","Units"
"Portugal","Unemployment rate","Annual","1994","6.34","Units"
"Portugal","Unemployment rate","Annual","1995","7.917","Units"
"Portugal","Unemployment rate","Annual","1996","8.015","Units"
"Portugal","Unemployment rate","Annual","1997","7.51","Units"
"Portugal","Unemployment rate","Annual","1998","5.72","Units"
"Portugal","Unemployment rate","Annual","1999","5.169","Units"
"Portugal","Unemployment rate","Annual","2000","4.717","Units"
"Portugal","Unemployment rate","Annual","2001","4.801","Units"
"Portugal","Unemployment rate","Annual","2002","5.779","Units"
"Portugal","Unemployment rate","Annual","2003","7.038","Units"
"Portugal","Unemployment rate","Annual","2004","7.392","Units"
"Portugal","Unemployment rate","Annual","2005","8.343","Units"
"Portugal","Unemployment rate","Annual","2006","8.408","Units"
"Portugal","Unemployment rate","Annual","2007","8.722","Units"
"Portugal","Unemployment rate","Annual","2008","8.315","Units"
"Portugal","Unemployment rate","Annual","2009","10.177","Units"
"Portugal","Unemployment rate","Annual","2010","11.506","Units"
"Portugal","Unemployment rate","Annual","2011","13.585","Units"
"Portugal","Unemployment rate","Annual","2012","16.636","Units"
"Portugal","Unemployment rate","Annual","2013","17.216","Units"
"Portugal","Unemployment rate","Annual","2014","14.546","Units"
"Portugal","Unemployment rate","Annual","2015","12.862","Units"
"Portugal","Unemployment rate","Annual","2016","11.268","Units"
"Portugal","Unemployment rate","Annual","2017","9.242","Units"
"Portugal","Unemployment rate","Annual","2018","7.167","Units"
"Portugal","Unemployment rate","Annual","2019","6.633","Units"
"Portugal","Unemployment rate","Annual","2020","7.092","Units"
"Portugal","Unemployment rate","Annual","2021","6.725","Units"
"Portugal","Unemployment rate","Annual","2022","6.192","Units"
"Portugal","Unemployment rate","Annual","2023","6.592","Units"
"Portugal","Unemployment rate","Annual","2024","6.475","Units"
"Portugal","Unemployment rate","Annual","2025","6.381","Units"
"Spain","Unemployment rate","Annual","1980","11.011","Units"
"Spain","Unemployment rate","Annual","1981","13.755","Units"
"Spain","Unemployment rate","Annual","1982","15.77","Units"
"Spain","Unemployment rate","Annual","1983","17.215","Units"
"Spain","Unemployment rate","Annual","1984","19.937","Units"
"Spain","Unemployment rate","Annual","1985","21.305","Units"
"Spain","Unemployment rate","Annual","1986","20.907","Units"
"Spain","Unemployment rate","Annual","1987","20.223","Units"
"Spain","Unemployment rate","Annual","1988","19.238","Units"
"Spain","Unemployment rate","Annual","1989","17.24","Units"
"Spain","Unemployment rate","Annual","1990","16.238","Units"
"Spain","Unemployment rate","Annual","1991","16.313","Units"
"Spain","Unemployment rate","Annual","1992","18.353","Units"
"Spain","Unemployment rate","Annual","1993","22.64","Units"
"Spain","Unemployment rate","Annual","1994","24.118","Units"
"Spain","Unemployment rate","Annual","1995","22.9","Units"
"Spain","Unemployment rate","Annual","1996","22.08","Units"
"Spain","Unemployment rate","Annual","1997","20.61","Units"
"Spain","Unemployment rate","Annual","1998","18.605","Units"
"Spain","Unemployment rate","Annual","1999","15.64","Units"
"Spain","Unemployment rate","Annual","2000","13.857","Units"
"Spain","Unemployment rate","Annual","2001","10.54","Units"
"Spain","Unemployment rate","Annual","2002","11.45","Units"
"Spain","Unemployment rate","Annual","2003","11.485","Units"
"Spain","Unemployment rate","Annual","2004","10.965","Units"
"Spain","Unemployment rate","Annual","2005","9.153","Units"
"Spain","Unemployment rate","Annual","2006","8.453","Units"
"Spain","Unemployment rate","Annual","2007","8.233","Units"
"Spain","Unemployment rate","Annual","2008","11.245","Units"
"Spain","Unemployment rate","Annual","2009","17.855","Units"
"Spain","Unemployment rate","Annual","2010","19.858","Units"
"Spain","Unemployment rate","Annual","2011","21.39","Units"
"Spain","Unemployment rate","Annual","2012","24.788","Units"
"Spain","Unemployment rate","Annual","2013","26.095","Units"
"Spain","Unemployment rate","Annual","2014","24.443","Units"
"Spain","Unemployment rate","Annual","2015","22.058","Units"
"Spain","Unemployment rate","Annual","2016","19.635","Units"
"Spain","Unemployment rate","Annual","2017","17.225","Units"
"Spain","Unemployment rate","Annual","2018","15.255","Units"
"Spain","Unemployment rate","Annual","2019","14.105","Units"
"Spain","Unemployment rate","Annual","2020","15.533","Units"
"Spain","Unemployment rate","Annual","2021","14.92","Units"
"Spain","Unemployment rate","Annual","2022","13.035","Units"
"Spain","Unemployment rate","Annual","2023","12.185","Units"
"Spain","Unemployment rate","Annual","2024","11.345","Units"
"Spain","Unemployment rate","Annual","2025","11.135","Units"
"Sweden","Unemployment rate","Annual","1980","2.7","Units"
"Sweden","Unemployment rate","Annual","1981","3.417","Units"
"Sweden","Unemployment rate","Annual","1982","4.342","Units"
"Sweden","Unemployment rate","Annual","1983","4.758","Units"
"Sweden","Unemployment rate","Annual","1984","4.233","Units"
"Sweden","Unemployment rate","Annual","1985","3.85","Units"
"Sweden","Unemployment rate","Annual","1986","3.608","Units"
"Sweden","Unemployment rate","Annual","1987","2.867","Units"
"Sweden","Unemployment rate","Annual","1988","2.35","Units"
"Sweden","Unemployment rate","Annual","1989","2.025","Units"
"Sweden","Unemployment rate","Annual","1990","2.242","Units"
"Sweden","Unemployment rate","Annual","1991","4","Units"
"Sweden","Unemployment rate","Annual","1992","7.1","Units"
"Sweden","Unemployment rate","Annual","1993","11.15","Units"
"Sweden","Unemployment rate","Annual","1994","10.783","Units"
"Sweden","Unemployment rate","Annual","1995","10.417","Units"
"Sweden","Unemployment rate","Annual","1996","10.883","Units"
"Sweden","Unemployment rate","Annual","1997","10.875","Units"
"Sweden","Unemployment rate","Annual","1998","8.817","Units"
"Sweden","Unemployment rate","Annual","1999","7.55","Units"
"Sweden","Unemployment rate","Annual","2000","6.342","Units"
"Sweden","Unemployment rate","Annual","2001","5.967","Units"
"Sweden","Unemployment rate","Annual","2002","6.083","Units"
"Sweden","Unemployment rate","Annual","2003","6.692","Units"
"Sweden","Unemployment rate","Annual","2004","7.517","Units"
"Sweden","Unemployment rate","Annual","2005","7.908","Units"
"Sweden","Unemployment rate","Annual","2006","7.167","Units"
"Sweden","Unemployment rate","Annual","2007","6.242","Units"
"Sweden","Unemployment rate","Annual","2008","6.275","Units"
"Sweden","Unemployment rate","Annual","2009","8.417","Units"
"Sweden","Unemployment rate","Annual","2010","8.7","Units"
"Sweden","Unemployment rate","Annual","2011","7.875","Units"
"Sweden","Unemployment rate","Annual","2012","8.067","Units"
"Sweden","Unemployment rate","Annual","2013","8.108","Units"
"Sweden","Unemployment rate","Annual","2014","8.042","Units"
"Sweden","Unemployment rate","Annual","2015","7.517","Units"
"Sweden","Unemployment rate","Annual","2016","7.058","Units"
"Sweden","Unemployment rate","Annual","2017","6.783","Units"
"Sweden","Unemployment rate","Annual","2018","6.433","Units"
"Sweden","Unemployment rate","Annual","2019","6.908","Units"
"Sweden","Unemployment rate","Annual","2020","8.483","Units"
"Sweden","Unemployment rate","Annual","2021","8.892","Units"
"Sweden","Unemployment rate","Annual","2022","7.483","Units"
"Sweden","Unemployment rate","Annual","2023","7.667","Units"
"Sweden","Unemployment rate","Annual","2024","8.35","Units"
"Sweden","Unemployment rate","Annual","2025","8.225","Units"
"Switzerland","Unemployment rate","Annual","1980","0.209","Units"
"Switzerland","Unemployment rate","Annual","1981","0.19","Units"
"Switzerland","Unemployment rate","Annual","1982","0.428","Units"
"Switzerland","Unemployment rate","Annual","1983","0.85","Units"
"Switzerland","Unemployment rate","Annual","1984","1.138","Units"
"Switzerland","Unemployment rate","Annual","1985","0.982","Units"
"Switzerland","Unemployment rate","Annual","1986","0.832","Units"
"Switzerland","Unemployment rate","Annual","1987","0.798","Units"
"Switzerland","Unemployment rate","Annual","1988","0.72","Units"
"Switzerland","Unemployment rate","Annual","1989","0.564","Units"
"Switzerland","Unemployment rate","Annual","1990","0.501","Units"
"Switzerland","Unemployment rate","Annual","1991","1.083","Units"
"Switzerland","Unemployment rate","Annual","1992","2.549","Units"
"Switzerland","Unemployment rate","Annual","1993","4.504","Units"
"Switzerland","Unemployment rate","Annual","1994","4.723","Units"
"Switzerland","Unemployment rate","Annual","1995","4.233","Units"
"Switzerland","Unemployment rate","Annual","1996","4.656","Units"
"Switzerland","Unemployment rate","Annual","1997","5.199","Units"
"Switzerland","Unemployment rate","Annual","1998","3.856","Units"
"Switzerland","Unemployment rate","Annual","1999","2.723","Units"
"Switzerland","Unemployment rate","Annual","2000","1.824","Units"
"Switzerland","Unemployment rate","Annual","2001","1.703","Units"
"Switzerland","Unemployment rate","Annual","2002","2.546","Units"
"Switzerland","Unemployment rate","Annual","2003","3.691","Units"
"Switzerland","Unemployment rate","Annual","2004","3.879","Units"
"Switzerland","Unemployment rate","Annual","2005","3.763","Units"
"Switzerland","Unemployment rate","Annual","2006","3.332","Units"
"Switzerland","Unemployment rate","Annual","2007","2.766","Units"
"Switzerland","Unemployment rate","Annual","2008","2.577","Units"
"Switzerland","Unemployment rate","Annual","2009","3.701","Units"
"Switzerland","Unemployment rate","Annual","2010","3.516","Units"
"Switzerland","Unemployment rate","Annual","2011","2.843","Units"
"Switzerland","Unemployment rate","Annual","2012","2.905","Units"
"Switzerland","Unemployment rate","Annual","2013","3.158","Units"
"Switzerland","Unemployment rate","Annual","2014","3.044","Units"
"Switzerland","Unemployment rate","Annual","2015","3.178","Units"
"Switzerland","Unemployment rate","Annual","2016","3.323","Units"
"Switzerland","Unemployment rate","Annual","2017","3.088","Units"
"Switzerland","Unemployment rate","Annual","2018","2.547","Units"
"Switzerland","Unemployment rate","Annual","2019","2.306","Units"
"Switzerland","Unemployment rate","Annual","2020","3.17","Units"
"Switzerland","Unemployment rate","Annual","2021","2.993","Units"
"Switzerland","Unemployment rate","Annual","2022","2.166","Units"
"Switzerland","Unemployment rate","Annual","2023","2.035","Units"
"Switzerland","Unemployment rate","Annual","2024","2.448","Units"
"Switzerland","Unemployment rate","Annual","2025","2.77","Units"
"United Kingdom","Unemployment rate","Annual","1980","7.133","Units"
"United Kingdom","Unemployment rate","Annual","1981","9.65","Units"
"United Kingdom","Unemployment rate","Annual","1982","10.725","Units"
"United Kingdom","Unemployment rate","Annual","1983","11.475","Units"
"United Kingdom","Unemployment rate","Annual","1984","11.75","Units"
"United Kingdom","Unemployment rate","Annual","1985","11.375","Units"
"United Kingdom","Unemployment rate","Annual","1986","11.325","Units"
"United Kingdom","Unemployment rate","Annual","1987","10.425","Units"
"United Kingdom","Unemployment rate","Annual","1988","8.575","Units"
"United Kingdom","Unemployment rate","Annual","1989","7.225","Units"
"United Kingdom","Unemployment rate","Annual","1990","7.1","Units"
"United Kingdom","Unemployment rate","Annual","1991","8.85","Units"
"United Kingdom","Unemployment rate","Annual","1992","9.95","Units"
"United Kingdom","Unemployment rate","Annual","1993","10.375","Units"
"United Kingdom","Unemployment rate","Annual","1994","9.5","Units"
"United Kingdom","Unemployment rate","Annual","1995","8.625","Units"
"United Kingdom","Unemployment rate","Annual","1996","8.1","Units"
"United Kingdom","Unemployment rate","Annual","1997","6.95","Units"
"United Kingdom","Unemployment rate","Annual","1998","6.25","Units"
"United Kingdom","Unemployment rate","Annual","1999","5.975","Units"
"United Kingdom","Unemployment rate","Annual","2000","5.45","Units"
"United Kingdom","Unemployment rate","Annual","2001","5.1","Units"
"United Kingdom","Unemployment rate","Annual","2002","5.2","Units"
"United Kingdom","Unemployment rate","Annual","2003","5","Units"
"United Kingdom","Unemployment rate","Annual","2004","4.75","Units"
"United Kingdom","Unemployment rate","Annual","2005","4.825","Units"
"United Kingdom","Unemployment rate","Annual","2006","5.425","Units"
"United Kingdom","Unemployment rate","Annual","2007","5.35","Units"
"United Kingdom","Unemployment rate","Annual","2008","5.725","Units"
"United Kingdom","Unemployment rate","Annual","2009","7.625","Units"
"United Kingdom","Unemployment rate","Annual","2010","7.9","Units"
"United Kingdom","Unemployment rate","Annual","2011","8.1","Units"
"United Kingdom","Unemployment rate","Annual","2012","7.95","Units"
"United Kingdom","Unemployment rate","Annual","2013","7.575","Units"
"United Kingdom","Unemployment rate","Annual","2014","6.175","Units"
"United Kingdom","Unemployment rate","Annual","2015","5.375","Units"
"United Kingdom","Unemployment rate","Annual","2016","4.875","Units"
"United Kingdom","Unemployment rate","Annual","2017","4.425","Units"
"United Kingdom","Unemployment rate","Annual","2018","4.075","Units"
"United Kingdom","Unemployment rate","Annual","2019","3.825","Units"
"United Kingdom","Unemployment rate","Annual","2020","4.625","Units"
"United Kingdom","Unemployment rate","Annual","2021","4.55","Units"
"United Kingdom","Unemployment rate","Annual","2022","3.8","Units"
"United Kingdom","Unemployment rate","Annual","2023","4.05","Units"
"United Kingdom","Unemployment rate","Annual","2024","4.275","Units"
"United Kingdom","Unemployment rate","Annual","2025","4.5","Units"
"United States","Unemployment rate","Annual","1980","7.175","Units"
"United States","Unemployment rate","Annual","1981","7.617","Units"
"United States","Unemployment rate","Annual","1982","9.708","Units"
"United States","Unemployment rate","Annual","1983","9.6","Units"
"United States","Unemployment rate","Annual","1984","7.508","Units"
"United States","Unemployment rate","Annual","1985","7.192","Units"
"United States","Unemployment rate","Annual","1986","7","Units"
"United States","Unemployment rate","Annual","1987","6.175","Units"
"United States","Unemployment rate","Annual","1988","5.492","Units"
"United States","Unemployment rate","Annual","1989","5.258","Units"
"United States","Unemployment rate","Annual","1990","5.617","Units"
"United States","Unemployment rate","Annual","1991","6.85","Units"
"United States","Unemployment rate","Annual","1992","7.492","Units"
"United States","Unemployment rate","Annual","1993","6.908","Units"
"United States","Unemployment rate","Annual","1994","6.1","Units"
"United States","Unemployment rate","Annual","1995","5.592","Units"
"United States","Unemployment rate","Annual","1996","5.408","Units"
"United States","Unemployment rate","Annual","1997","4.942","Units"
"United States","Unemployment rate","Annual","1998","4.5","Units"
"United States","Unemployment rate","Annual","1999","4.217","Units"
"United States","Unemployment rate","Annual","2000","3.967","Units"
"United States","Unemployment rate","Annual","2001","4.742","Units"
"United States","Unemployment rate","Annual","2002","5.783","Units"
"United States","Unemployment rate","Annual","2003","5.992","Units"
"United States","Unemployment rate","Annual","2004","5.542","Units"
"United States","Unemployment rate","Annual","2005","5.083","Units"
"United States","Unemployment rate","Annual","2006","4.608","Units"
"United States","Unemployment rate","Annual","2007","4.617","Units"
"United States","Unemployment rate","Annual","2008","5.8","Units"
"United States","Unemployment rate","Annual","2009","9.283","Units"
"United States","Unemployment rate","Annual","2010","9.608","Units"
"United States","Unemployment rate","Annual","2011","8.933","Units"
"United States","Unemployment rate","Annual","2012","8.075","Units"
"United States","Unemployment rate","Annual","2013","7.358","Units"
"United States","Unemployment rate","Annual","2014","6.158","Units"
"United States","Unemployment rate","Annual","2015","5.275","Units"
"United States","Unemployment rate","Annual","2016","4.875","Units"
"United States","Unemployment rate","Annual","2017","4.358","Units"
"United States","Unemployment rate","Annual","2018","3.892","Units"
"United States","Unemployment rate","Annual","2019","3.675","Units"
"United States","Unemployment rate","Annual","2020","8.1","Units"
"United States","Unemployment rate","Annual","2021","5.358","Units"
"United States","Unemployment rate","Annual","2022","3.642","Units"
"United States","Unemployment rate","Annual","2023","3.633","Units"
"United States","Unemployment rate","Annual","2024","4.033","Units"
"United States","Unemployment rate","Annual","2025","4.159","Units"
"Austria","Unemployment rate","Annual","1980","1.6","Units"
"Austria","Unemployment rate","Annual","1981","2.2","Units"
"Austria","Unemployment rate","Annual","1982","3.1","Units"
"Austria","Unemployment rate","Annual","1983","3.7","Units"
"Austria","Unemployment rate","Annual","1984","3.8","Units"
"Austria","Unemployment rate","Annual","1985","3.6","Units"
"Austria","Unemployment rate","Annual","1986","3.1","Units"
"Austria","Unemployment rate","Annual","1987","3.8","Units"
"Austria","Unemployment rate","Annual","1988","2.676","Units"
"Austria","Unemployment rate","Annual","1989","2.348","Units"
"Austria","Unemployment rate","Annual","1990","2.723","Units"
"Austria","Unemployment rate","Annual","1991","3.151","Units"
"Austria","Unemployment rate","Annual","1992","3.29","Units"
"Austria","Unemployment rate","Annual","1993","3.958","Units"
"Austria","Unemployment rate","Annual","1994","3.85","Units"
"Austria","Unemployment rate","Annual","1995","4.242","Units"
"Austria","Unemployment rate","Annual","1996","4.717","Units"
"Austria","Unemployment rate","Annual","1997","4.758","Units"
"Austria","Unemployment rate","Annual","1998","4.708","Units"
"Austria","Unemployment rate","Annual","1999","4.142","Units"
"Austria","Unemployment rate","Annual","2000","3.883","Units"
"Austria","Unemployment rate","Annual","2001","4.008","Units"
"Austria","Unemployment rate","Annual","2002","4.392","Units"
"Austria","Unemployment rate","Annual","2003","4.792","Units"
"Austria","Unemployment rate","Annual","2004","5.867","Units"
"Austria","Unemployment rate","Annual","2005","6.025","Units"
"Austria","Unemployment rate","Annual","2006","5.592","Units"
"Austria","Unemployment rate","Annual","2007","5.2","Units"
"Austria","Unemployment rate","Annual","2008","4.433","Units"
"Austria","Unemployment rate","Annual","2009","5.683","Units"
"Austria","Unemployment rate","Annual","2010","5.2","Units"
"Austria","Unemployment rate","Annual","2011","4.883","Units"
"Austria","Unemployment rate","Annual","2012","5.233","Units"
"Austria","Unemployment rate","Annual","2013","5.35","Units"
"Austria","Unemployment rate","Annual","2014","6.042","Units"
"Austria","Unemployment rate","Annual","2015","6.158","Units"
"Austria","Unemployment rate","Annual","2016","6.475","Units"
"Austria","Unemployment rate","Annual","2017","5.925","Units"
"Austria","Unemployment rate","Annual","2018","5.225","Units"
"Austria","Unemployment rate","Annual","2019","4.8","Units"
"Austria","Unemployment rate","Annual","2020","5.475","Units"
"Austria","Unemployment rate","Annual","2021","6.175","Units"
"Austria","Unemployment rate","Annual","2022","4.742","Units"
"Austria","Unemployment rate","Annual","2023","5.1","Units"
"Austria","Unemployment rate","Annual","2024","5.423","Units"
"Austria","Unemployment rate","Annual","2025","5.586","Units"
